,arrival,departure,sojourn,nis_arrival,arrival_count,arr_nis_class_1,arr_nis_class_0,arr_nis_class_2
0,5.0,184.68544214734467,179.68544214734467,0,0,0,0,0
1,7.0,573.6335682660673,566.6335682660673,1,1,1,0,0
2,11.0,759.4872352881348,748.4872352881348,2,2,1,1,0
3,12.0,474.8226337362633,462.8226337362633,3,3,1,1,1
4,27.0,146.75417698806206,119.75417698806206,4,4,2,1,1
5,30.0,228.66836196215507,198.66836196215507,5,5,2,1,2
6,34.0,222.678327740938,188.678327740938,6,6,3,1,2
7,35.0,333.0722236469576,298.0722236469576,7,7,4,1,2
8,43.0,621.2880266222226,578.2880266222226,8,8,5,1,2
9,45.0,213.61687792708693,168.61687792708693,9,9,6,1,2
10,58.0,664.7239931042968,606.7239931042968,10,10,7,1,2
11,59.0,290.56354339977054,231.56354339977054,11,11,7,2,2
12,61.0,695.6648761019644,634.6648761019644,12,12,8,2,2
13,73.0,332.6443957372667,259.6443957372667,13,13,8,3,2
14,83.0,847.0822276069796,764.0822276069796,14,14,9,3,2
15,86.0,331.063787294548,245.06378729454798,15,15,10,3,2
16,99.0,254.02091424647313,155.02091424647313,16,16,11,3,2
17,110.0,314.9559097959309,204.9559097959309,17,17,11,3,3
18,115.0,764.9712298414588,649.9712298414588,18,18,12,3,3
19,119.0,230.70317833582578,111.70317833582578,19,19,12,4,3
20,123.0,200.3894071241641,77.38940712416411,20,20,13,4,3
21,127.0,563.3449273120134,436.3449273120134,21,21,14,4,3
22,129.0,306.1981676417338,177.1981676417338,22,22,15,4,3
23,169.0,637.1756433240378,468.17564332403776,22,23,16,4,2
24,170.0,445.1387348919547,275.1387348919547,23,24,16,5,2
25,179.0,290.0439807682028,111.0439807682028,24,25,17,5,2
26,186.0,313.2965966571237,127.2965966571237,24,26,17,5,2
27,192.0,219.1084902523706,27.108490252370586,25,27,18,5,2
28,198.0,350.3975660076063,152.39756600760631,26,28,19,5,2
29,203.0,326.0938042248576,123.09380422485759,26,29,19,5,2
30,213.0,350.2656594530725,137.2656594530725,27,30,20,5,2
31,215.0,220.2940848528238,5.294084852823801,27,31,20,5,2
32,239.0,831.6751856303885,592.6751856303885,23,32,16,5,2
33,243.0,475.2267981045615,232.2267981045615,24,33,16,6,2
34,262.0,577.684153046947,315.684153046947,24,34,17,6,1
35,283.0,623.503290327764,340.50329032776403,25,35,18,6,1
36,284.0,309.1275145628074,25.12751456280739,26,36,18,6,2
37,294.0,512.2236716453317,218.2236716453317,25,37,16,6,3
38,299.0,435.3076954516187,136.3076954516187,26,38,16,6,4
39,313.0,1456.1530825059554,1143.1530825059554,25,39,15,6,4
40,317.0,466.9407718942393,149.94077189423928,24,40,14,6,4
41,319.0,706.3071764720498,387.30717647204983,25,41,15,6,4
42,322.0,575.6297023535867,253.6297023535867,26,42,16,6,4
43,322.00001,569.491918260915,247.491908260915,27,43,17,6,4
44,325.00001,1380.5936344120148,1055.5936244120148,28,44,18,6,4
45,327.00001,533.1373310424253,206.13732104242536,28,45,17,7,4
46,345.00001,717.7996942693942,372.7996842693942,26,46,15,7,4
47,345.00001999999995,511.24689127803396,166.246871278034,27,47,16,7,4
48,360.00001999999995,440.71639276590474,80.7163727659048,26,48,15,7,4
49,381.00001999999995,897.3984205967574,516.3984005967575,27,49,15,7,5
50,392.00001999999995,554.2908914457503,162.29087144575033,28,50,16,7,5
51,397.00001999999995,500.5571028749949,103.55708287499493,29,51,17,7,5
52,399.00001999999995,687.2558343867311,288.2558143867311,30,52,18,7,5
53,399.0000299999999,577.6774774031657,178.67744740316573,31,53,19,7,5
54,407.0000299999999,612.8505615011891,205.85053150118915,32,54,20,7,5
55,413.0000299999999,607.5304573370807,194.53042733708082,33,55,21,7,5
56,414.0000299999999,676.2314954317451,262.23146543174516,34,56,22,7,5
57,417.0000299999999,755.9418729037267,338.94184290372675,35,57,23,7,5
58,424.0000299999999,666.2545814852075,242.25455148520757,36,58,24,7,5
59,450.0000299999999,644.16392993151,194.16389993151006,34,59,24,7,3
60,461.0000299999999,634.7779254467732,173.7778954467733,35,60,25,7,3
61,464.0000299999999,560.7152792448347,96.71524924483481,36,61,26,7,3
62,478.0000299999999,1073.6226212310323,595.6225912310324,34,62,24,7,3
63,479.0000299999999,1028.951670340335,549.9516403403352,35,63,24,8,3
64,493.0000299999999,917.8111873879328,424.8111573879329,36,64,25,8,3
65,498.0000299999999,763.1729677748783,265.1729377748784,37,65,26,8,3
66,501.0000299999999,1127.0915757120447,626.0915457120448,37,66,26,8,3
67,504.0000299999999,709.0345112898684,205.0344812898685,38,67,26,9,3
68,505.0000299999999,1103.617805403398,598.6177754033981,39,68,26,9,4
69,510.0000299999999,597.729774589355,87.72974458935505,40,69,26,10,4
70,516.0000299999999,1042.0311049869488,526.0310749869489,39,70,25,10,4
71,529.0000299999999,760.6283635643956,231.6283335643957,40,71,25,11,4
72,533.0000299999999,1133.196064319522,600.1960343195221,41,72,26,11,4
73,535.0000299999999,738.2032908921799,203.20326089217997,41,73,25,11,5
74,543.0000299999999,800.9272341772379,257.92720417723797,42,74,25,11,6
75,549.0000299999999,779.9652793863854,230.9652493863855,43,75,25,11,7
76,553.0000299999999,640.7129992337268,87.71296923372688,44,76,26,11,7
77,558.0000299999999,858.0183545287422,300.01832452874226,44,77,25,11,8
78,558.0000399999999,1430.1982607935624,872.1982207935625,45,78,26,11,8
79,575.0000399999999,618.1361391768337,43.136099176833795,42,79,23,11,8
80,576.0000399999999,743.3648348650596,167.3647948650597,42,80,22,11,9
81,581.0000399999999,683.7050755624449,102.705035562445,41,81,21,11,9
82,589.0000399999999,933.0588690379258,344.0588290379259,42,82,21,11,10
83,594.0000399999999,832.3683755720195,238.36833557201965,43,83,22,11,10
84,599.0000399999999,934.7462671782287,335.74622717822876,43,84,23,11,9
85,600.0000399999999,861.6695544903598,261.6695144903599,44,85,24,11,9
86,604.0000399999999,1249.0067086978945,645.0066686978946,45,86,25,11,9
87,606.0000399999999,808.0526599572272,202.0526199572273,46,87,25,12,9
88,608.0000399999999,1073.4645773148006,465.46453731480074,46,88,24,12,10
89,612.0000399999999,659.774847621851,47.774807621851096,47,89,25,12,10
90,618.0000399999999,1007.7553290341123,389.75528903411237,47,90,24,12,11
91,621.0000399999999,764.6255639232537,143.6255239232538,47,91,25,12,10
92,621.0000499999999,904.8686348679194,283.8685848679195,48,92,26,12,10
93,622.0000499999999,947.044199902118,325.0441499021181,48,93,26,12,10
94,626.0000499999999,708.6980994891253,82.69804948912542,48,94,27,12,9
95,628.0000499999999,736.4857602536274,108.48571025362753,49,95,28,12,9
96,633.0000499999999,973.3549966963633,340.3549466963634,50,96,29,12,9
97,635.0000499999999,743.4699859185421,108.4699359185422,50,97,29,12,9
98,638.0000499999999,750.6762492224927,112.67619922249287,50,98,30,11,9
99,639.0000499999999,1218.2986354496124,579.2985854496126,51,99,30,11,10
100,641.0000499999999,718.1384610306711,77.13841103067125,51,100,30,12,9
101,646.0000499999999,1211.4672121417432,565.4671621417433,51,101,30,12,9
102,647.0000499999999,838.9962268348705,191.99617683487065,52,102,30,13,9
103,650.0000499999999,1544.1285071613006,894.1284571613007,53,103,31,13,9
104,652.0000499999999,1017.2068570544284,365.2068070544285,54,104,32,13,9
105,653.0000499999999,768.4363479505058,115.43629795050595,55,105,33,13,9
106,657.0000499999999,808.5946909663398,151.59464096633997,56,106,33,13,10
107,658.0000499999999,798.3556843780752,140.35563437807537,57,107,33,13,11
108,665.0000499999999,808.5268761706915,143.5268261706916,56,108,33,12,11
109,665.0000599999998,1051.3571055406067,386.3570455406068,57,109,33,12,12
110,672.0000599999998,809.4284270850198,137.42836708502,57,110,32,12,13
111,674.0000599999998,760.3002384416933,86.30017844169345,58,111,32,12,14
112,677.0000599999998,793.9474747959246,116.94741479592471,58,112,31,12,15
113,679.0000599999998,1160.4685478744814,481.4684878744815,59,113,32,12,15
114,683.0000599999998,949.5762790267524,266.5762190267526,60,114,32,13,15
115,691.0000599999998,909.160922299951,218.1608622999512,59,115,32,13,14
116,691.0000699999998,889.0641808815338,198.06411088153402,60,116,33,13,14
117,697.0000699999998,932.4037703406059,235.40370034060606,60,117,34,12,14
118,698.0000699999998,1780.5484132628098,1082.54834326281,61,118,34,12,15
119,698.0000799999998,1234.5815660887874,536.5814860887876,62,119,34,12,16
120,702.0000799999998,1470.4105121765651,768.4104321765653,63,120,35,12,16
121,705.0000799999998,1406.1413911456189,701.141311145619,64,121,35,13,16
122,710.0000799999998,1774.8052771317753,1064.8051971317755,62,122,34,13,15
123,710.0000899999998,752.8016207815948,42.801530781595034,63,123,35,13,15
124,718.0000899999998,1118.1866414006615,400.18655140066176,63,124,35,13,15
125,719.0000899999998,1204.053482996437,485.0533929964372,63,125,34,13,16
126,724.0000899999998,814.3913386902508,90.39124869025102,64,126,34,14,16
127,725.0000899999998,766.7690639627259,41.768973962726136,65,127,35,14,16
128,735.0000899999998,1442.9871653794949,707.9870753794951,66,128,36,14,16
129,740.0000899999998,1063.050489831083,323.05039983108327,65,129,35,15,15
130,740.0000999999997,806.6914377925774,66.69133779257766,66,130,36,15,15
131,745.0000999999997,878.763808592824,133.7637085928243,65,131,34,15,16
132,748.0000999999997,1023.021223896599,275.0211238965993,66,132,35,15,16
133,749.0000999999997,994.6405251091745,245.64042510917477,67,133,35,15,17
134,754.0000999999997,832.4122116015163,78.41211160151659,66,134,35,15,16
135,756.0000999999997,1453.2374975511282,697.2373975511284,66,135,34,15,17
136,760.0000999999997,1508.1983907067165,748.1982907067168,66,136,34,16,16
137,763.0000999999997,827.8229444120819,64.82284441208219,65,137,33,17,15
138,764.0000999999997,977.0648648832412,213.06476488324142,65,138,33,17,15
139,765.0000999999997,2163.415613663543,1398.4155136635432,64,139,33,16,15
140,766.0000999999997,1097.2566196061625,331.2565196061628,65,140,33,17,15
141,767.0000999999997,912.8924770336623,145.89237703366257,65,141,33,17,15
142,769.0000999999997,839.7248072963607,70.72470729636098,65,142,34,17,14
143,772.0000999999997,936.2384795399922,164.23837953999248,66,143,34,17,15
144,783.0000999999997,895.2574059575503,112.25730595755056,66,144,33,17,16
145,785.0000999999997,789.0528282251166,4.05272822511688,67,145,33,17,17
146,795.0000999999997,989.8160903291443,194.8159903291446,66,146,32,17,17
147,797.0000999999997,1131.2173205394458,334.2172205394461,67,147,33,17,17
148,798.0000999999997,1421.6994683898774,623.6993683898777,68,148,34,17,17
149,801.0000999999997,967.7090311180575,166.70893111805776,67,149,34,18,15
150,805.0000999999997,1389.6998182879704,584.6997182879707,68,150,35,18,15
151,808.0000999999997,1001.4111529319898,193.41105293199007,68,151,35,19,14
152,811.0000999999997,1161.336995980394,350.3368959803943,65,152,36,19,10
153,813.0000999999997,959.3767128235528,146.37661282355305,66,153,37,19,10
154,816.0000999999997,863.6854993403704,47.68539934037062,66,154,37,19,10
155,817.0000999999997,972.6342641325833,155.63416413258358,67,155,37,19,11
156,819.0000999999997,1248.2953576748241,429.29525767482437,68,156,38,19,11
157,820.0000999999997,932.613681087124,112.6135810871242,69,157,38,20,11
158,823.0000999999997,1291.7634074454609,468.7633074454611,70,158,39,20,11
159,825.0000999999997,1406.148996367372,581.1488963673723,71,159,39,20,12
160,828.0000999999997,1507.1367927514434,679.1366927514437,71,160,38,21,12
161,830.0000999999997,942.418827425108,112.41872742510827,72,161,39,21,12
162,834.0000999999997,1032.7132836504525,198.71318365045272,70,162,39,20,11
163,835.0000999999997,977.7180738757039,142.71797387570416,71,163,40,20,11
164,837.0000999999997,1017.3346318857797,180.33453188577994,72,164,41,20,11
165,840.0000999999997,886.6205618386194,46.62046183861969,71,165,41,20,10
166,842.0000999999997,1070.031223317758,228.03112331775833,72,166,42,20,10
167,846.0000999999997,1094.761254532866,248.76115453286616,73,167,43,20,10
168,847.0000999999997,962.4908990203459,115.49079902034612,74,168,44,20,10
169,852.0000999999997,941.863131997141,89.8630319971412,74,169,43,20,11
170,852.0001099999997,1457.138980017151,605.1388700171512,75,170,44,20,11
171,856.0001099999997,1083.1567555833924,227.15664558339267,76,171,45,20,11
172,858.0001099999997,1163.373335332618,305.3732253326182,77,172,46,20,11
173,866.0001099999997,958.4223792822421,92.42226928224238,75,173,45,20,10
174,874.0001099999997,970.08477149802,96.0846614980203,76,174,46,20,10
175,877.0001099999997,1481.0929137157636,604.0928037157639,77,175,47,20,10
176,880.0001099999997,1003.4909025858245,123.4907925858248,77,176,46,21,10
177,889.0001099999997,916.3081005606215,27.30799056062176,77,177,46,21,10
178,890.0001099999997,913.9149654394341,23.914855439434405,77,178,45,21,11
179,894.0001099999997,1199.5344108506097,305.53430085060995,78,179,45,21,12
180,899.0001099999997,1116.518423004734,217.51831300473418,77,180,44,21,12
181,899.0001199999997,1044.563979206089,145.56385920608932,78,181,45,21,12
182,899.0001299999997,1248.179419340269,349.1792893402694,79,182,45,21,13
183,903.0001299999997,1311.4867118928564,408.48658189285675,80,183,46,21,13
184,908.0001299999997,1187.8247951371306,279.824665137131,80,184,46,21,13
185,908.0001399999996,1104.3154385226771,196.3152985226775,81,185,47,21,13
186,913.0001399999996,1169.3656863118106,256.36554631181093,80,186,45,21,14
187,917.0001399999996,1503.0162489473723,586.0161089473727,79,187,46,21,12
188,921.0001399999996,1286.8287523201716,365.82861232017194,79,188,46,21,12
189,921.0001499999996,968.891028330222,47.890878330222336,80,189,47,21,12
190,925.0001499999996,1040.0627803564757,115.06263035647612,81,190,48,21,12
191,927.0001499999996,1050.5641528940037,123.56400289400403,82,191,48,21,13
192,932.0001499999996,1049.8414913334243,117.84134133342468,83,192,48,21,14
193,936.0001499999996,961.6380781876804,25.637928187680814,80,193,46,21,13
194,936.0001599999996,1481.4575994399308,545.4574394399312,81,194,46,21,14
195,943.0001599999996,1106.8289246372874,163.8287646372878,79,195,45,21,13
196,944.0001599999996,1559.2726139231877,615.2724539231881,80,196,46,21,13
197,951.0001599999996,1143.9858777817542,192.9857177817546,79,197,44,22,13
198,955.0001599999996,1080.1902320673562,125.1900720673566,80,198,45,22,13
199,964.0001599999996,1515.645721816869,551.6455618168693,77,199,44,22,11
200,965.0001599999996,1217.6534282158236,252.65326821582403,78,200,45,22,11
201,966.0001599999996,996.6993271549843,30.699167154984707,79,201,46,22,11
202,971.0001599999996,1629.8856902563616,658.885530256362,77,202,44,22,11
203,974.0001599999996,1388.368790287092,414.3686302870924,76,203,42,23,11
204,981.0001599999996,1427.0216615686495,446.0215015686499,75,204,40,24,11
205,985.0001599999996,1180.243645987462,195.24348598746246,76,205,41,24,11
206,991.0001599999996,1008.4070745447749,17.406914544775304,76,206,41,24,11
207,993.0001599999996,1072.4513844024132,79.45122440241357,77,207,41,24,12
208,995.0001599999996,1203.9113354975134,208.9111754975138,77,208,40,24,13
209,1000.0001599999996,1031.3399045996362,31.33974459963656,77,209,40,24,13
210,1005.0001599999996,1207.0697807311778,202.06962073117825,76,210,38,24,14
211,1006.0001599999996,1039.2430318867198,33.242871886720195,77,211,39,24,14
212,1007.0001599999996,1168.522312055065,161.52215205506536,78,212,39,24,15
213,1011.0001599999996,1633.1834302727214,622.1832702727218,77,213,39,24,14
214,1022.0001599999996,1487.2987840645765,465.29862406457687,76,214,37,25,14
215,1024.0001599999996,1086.175531537703,62.17537153770331,76,215,38,25,13
216,1030.0001599999996,1183.6349441922218,153.63478419222224,76,216,38,25,13
217,1036.0001599999996,1286.6355549219284,250.63539492192876,75,217,38,25,12
218,1051.0001599999996,1084.9040502519122,33.90389025191257,70,218,38,24,8
219,1051.0001699999996,1090.1971099178184,39.19693991781878,71,219,39,24,8
220,1052.0001699999996,1231.0629519560316,179.06278195603204,71,220,40,24,7
221,1056.0001699999996,1226.1322705475436,170.13210054754404,72,221,41,24,7
222,1058.0001699999996,1191.8370523498415,133.83688234984197,73,222,42,24,7
223,1058.0001799999995,1268.9910106953307,210.99083069533117,74,223,42,24,8
224,1065.0001799999995,1520.4122045246659,455.4120245246663,74,224,42,24,8
225,1066.0001799999995,1245.1384763801211,179.13829638012157,75,225,43,24,8
226,1067.0001799999995,1081.6812969946116,14.681116994612012,76,226,44,24,8
227,1072.0001799999995,1326.62728231003,254.62710231003052,76,227,43,24,9
228,1075.0001799999995,1101.5698687267845,26.56968872678499,74,228,43,23,8
229,1078.0001799999995,1357.453141727934,279.4529617279345,75,229,44,23,8
230,1081.0001799999995,1246.381019919757,165.38083991975736,75,230,44,23,8
231,1082.0001799999995,1341.974281300445,259.97410130044545,75,231,45,23,7
232,1088.0001799999995,1136.646694827519,48.64651482751947,73,232,43,23,7
233,1091.0001799999995,1149.9494689090793,58.94928890907977,73,233,42,23,8
234,1091.0001899999995,1115.4143857323281,24.414195732328608,74,234,42,23,9
235,1096.0001899999995,1177.0994789467431,81.09928894674363,74,235,42,23,9
236,1099.0001899999995,1218.875423285606,119.87523328560656,74,236,42,23,9
237,1103.0001899999995,1179.4753387168641,76.47514871686462,74,237,42,23,9
238,1107.0001899999995,1208.7318035206306,101.73161352063107,72,238,41,22,9
239,1111.0001899999995,1195.5734436094383,84.57325360943878,73,239,41,22,10
240,1111.0001999999995,1264.2869866690546,153.28678666905512,74,240,42,22,10
241,1113.0001999999995,1634.5690116647509,521.5688116647514,75,241,43,22,10
242,1117.0001999999995,1187.0827052177708,70.08250521777131,74,242,41,23,10
243,1120.0001999999995,1471.7744563562346,351.7742563562351,74,243,42,23,9
244,1127.0001999999995,1186.4728066824794,59.472606682479864,75,244,43,23,9
245,1135.0001999999995,1286.455828107491,151.45562810749152,73,245,42,22,9
246,1138.0001999999995,1257.6314839299669,119.63128392996737,73,246,43,22,8
247,1140.0001999999995,1510.4320673387729,370.4318673387734,74,247,44,22,8
248,1142.0001999999995,1282.7691650520305,140.76896505203104,75,248,45,22,8
249,1143.0001999999995,1405.756844694441,262.75664469444155,76,249,45,22,9
250,1147.0001999999995,1397.4093805481232,250.4091805481237,76,250,45,22,9
251,1149.0001999999995,1880.0909279111886,731.0907279111891,77,251,46,22,9
252,1154.0001999999995,1277.2271516268406,123.22695162684113,77,252,46,23,8
253,1160.0001999999995,1338.8529254614805,178.852725461481,78,253,47,23,8
254,1161.0001999999995,1288.3385654878298,127.33836548783029,78,254,48,22,8
255,1164.0001999999995,1712.246289906083,548.2460899060834,77,255,46,22,9
256,1166.0001999999995,1269.4123200261054,103.41212002610587,78,256,46,23,9
257,1169.0001999999995,1290.8359347199385,121.83573471993896,78,257,45,23,10
258,1173.0001999999995,1267.2256767306235,94.225476730624,78,258,45,23,10
259,1175.0001999999995,1228.5737045560747,53.57350455607525,79,259,45,23,11
260,1181.0001999999995,1531.9914811413666,350.99128114136715,77,260,44,23,10
261,1185.0001999999995,1461.4605174411915,276.46031744119205,77,261,44,23,10
262,1189.0001999999995,1332.8863097092537,143.88610970925424,75,262,43,23,9
263,1195.0001999999995,1410.376136994579,215.37593699457943,75,263,44,23,8
264,1197.0001999999995,1343.0887831219443,146.0885831219448,75,264,44,23,8
265,1204.0001999999995,1429.9543905744108,225.9541905744113,74,265,44,23,7
266,1207.0001999999995,1449.6118881149896,242.6116881149901,74,266,45,22,7
267,1208.0001999999995,1344.7038187698088,136.70361876980928,74,267,45,22,7
268,1213.0001999999995,1320.5503723987567,107.55017239875724,73,268,46,21,6
269,1214.0001999999995,1337.003258857769,123.00305885776947,74,269,46,21,7
270,1215.0001999999995,1309.4559577253701,94.45575772537063,75,270,47,21,7
271,1219.0001999999995,2387.677547404038,1168.6773474040383,73,271,46,20,7
272,1221.0001999999995,1483.1578286895196,262.15762868952015,74,272,46,20,8
273,1224.0001999999995,1733.417873210593,509.4176732105934,75,273,47,20,8
274,1225.0001999999995,1384.1892612548527,159.1890612548532,76,274,48,20,8
275,1227.0001999999995,1368.8012395705932,141.80103957059373,76,275,47,20,9
276,1231.0001999999995,1414.3999969885926,183.39979698859315,76,276,47,20,9
277,1231.0002099999995,1383.8930076675474,152.89279766754794,77,277,47,20,10
278,1235.0002099999995,1354.3049027838258,119.30469278382634,76,278,45,20,11
279,1238.0002099999995,1369.2433658492191,131.24315584921965,77,279,46,20,11
280,1244.0002099999995,1370.5246804481542,126.52447044815472,78,280,46,20,12
281,1246.0002099999995,1445.339174615815,199.33896461581548,78,281,46,20,12
282,1260.0002099999995,1415.2578540348757,155.2576440348762,74,282,44,18,12
283,1260.0002199999994,1323.9699936933782,63.969773693378784,75,283,45,18,12
284,1268.0002199999994,1982.6831422739897,714.6829222739902,74,284,45,18,11
285,1282.0002199999994,1536.2031777957804,254.202957795781,72,285,43,19,10
286,1286.0002199999994,1415.1333641540182,129.13314415401874,72,286,44,19,9
287,1289.0002199999994,1698.7022977601268,409.7020777601274,69,287,41,19,9
288,1302.0002199999994,1457.5517584984584,155.55153849845897,68,288,41,19,8
289,1303.0002199999994,1524.4634597094578,221.46323970945832,69,289,42,19,8
290,1309.0002199999994,1668.2510229437696,359.25080294377017,70,290,43,19,8
291,1309.0002299999994,1575.1221848151213,266.12195481512185,71,291,43,19,9
292,1313.0002299999994,1348.6740570549782,35.6738270549788,70,292,41,20,9
293,1315.0002299999994,1552.632362017402,237.63213201740268,71,293,42,20,9
294,1318.0002299999994,1702.104420433923,384.1041904339236,72,294,43,20,9
295,1318.0002399999994,1500.480217920722,182.4799779207226,73,295,44,20,9
296,1320.0002399999994,1530.8629750011007,210.86273500110133,74,296,45,20,9
297,1322.0002399999994,1461.1157238320607,139.11548383206127,74,297,46,20,8
298,1323.0002399999994,1480.5843218713055,157.58408187130613,75,298,46,20,9
299,1327.0002399999994,1385.8071161235366,58.80687612353722,74,299,45,20,9
300,1329.0002399999994,1476.986948413571,147.9867084135717,75,300,46,20,9
301,1331.0002399999994,1532.1771237645646,201.17688376456522,76,301,47,20,9
302,1331.0002499999994,1494.6363702023082,163.6361202023088,77,302,48,20,9
303,1333.0002499999994,1922.3774986772614,589.3772486772621,77,303,48,20,9
304,1339.0002499999994,1487.2564200477605,148.2561700477611,76,304,46,21,9
305,1346.0002499999994,1409.4823062572816,63.48205625728224,74,305,44,21,9
306,1346.0002599999993,1483.475457878897,137.4751978788977,75,306,45,21,9
307,1348.0002599999993,1685.3306204361688,337.3303604361695,76,307,46,21,9
308,1352.0002599999993,2194.567767414785,842.5675074147857,76,308,45,22,9
309,1356.0002599999993,1514.5663094211932,158.56604942119384,76,309,44,23,9
310,1356.0002699999993,1569.1643461643077,213.16407616430843,77,310,45,23,9
311,1357.0002699999993,1568.9203495450422,211.92007954504288,78,311,46,23,9
312,1366.0002699999993,1549.7181298813523,183.71785988135298,78,312,46,23,9
313,1368.0002699999993,1785.9179488952238,417.9176788952245,79,313,47,23,9
314,1377.0002699999993,1574.2871491866292,197.2868791866299,77,314,46,23,8
315,1387.0002699999993,1531.3397087408762,144.33943874087686,74,315,46,22,6
316,1389.0002699999993,1453.8362398902154,64.83596989021612,74,316,47,21,6
317,1393.0002699999993,2057.0987377601873,664.098467760188,74,317,48,20,6
318,1397.0002699999993,1411.2134217587236,14.21315175872428,75,318,48,21,6
319,1399.0002699999993,1864.4054631491665,465.4051931491672,75,319,47,21,7
320,1400.0002699999993,1519.3385852070082,119.33831520700892,76,320,48,21,7
321,1406.0002699999993,1593.8519940088927,187.85172400889337,76,321,48,21,7
322,1406.0002799999993,1957.3603894994503,551.360109499451,77,322,49,21,7
323,1407.0002799999993,1627.6991579354667,220.6988779354674,76,323,48,21,7
324,1413.0002799999993,1456.595561060648,43.59528106064863,74,324,47,21,6
325,1415.0002799999993,1769.6671072367997,354.6668272368004,74,325,47,21,6
326,1419.0002799999993,1985.2664593188126,566.2661793188133,73,326,47,21,5
327,1423.0002799999993,1567.6233128519252,144.62303285192593,73,327,47,21,5
328,1428.0002799999993,1866.351189847392,438.3509098473928,73,328,46,21,6
329,1437.0002799999993,1464.3674670268683,27.367187026869033,72,329,45,21,6
330,1440.0002799999993,1701.689026248204,261.6887462482048,73,330,46,21,6
331,1442.0002799999993,2173.9542215480533,731.953941548054,74,331,47,21,6
332,1450.0002799999993,1596.70634115362,146.7060611536208,72,332,46,20,6
333,1450.0002899999993,1672.7629761417065,222.76268614170726,73,333,46,20,7
334,1454.0002899999993,1949.7306536758051,495.73036367580585,72,334,46,19,7
335,1460.0002899999993,1499.0732505523151,39.07296055231586,69,335,44,19,6
336,1461.0002899999993,1615.2419457693163,154.24165576931705,70,336,44,19,7
337,1466.0002899999993,1617.8997991184347,151.8995091184354,68,337,43,19,6
338,1466.0002999999992,1792.4115307346237,326.4112307346245,69,338,44,19,6
339,1469.0002999999992,1633.7142692091218,164.71396920912252,70,339,45,19,6
340,1473.0002999999992,1905.4319783577398,432.43167835774057,69,340,45,18,6
341,1492.0002999999992,1499.1614367977522,7.161136797752988,62,341,39,17,6
342,1516.0002999999992,1789.7124967176258,273.7121967176265,53,342,32,16,5
343,1518.0002999999992,1809.942954551593,291.9426545515937,54,343,33,16,5
344,1530.0002999999992,1856.4023435241193,326.40204352412,52,344,31,16,5
345,1531.0002999999992,1730.8679297429337,199.86762974293447,52,345,30,16,6
346,1543.0002999999992,2311.2016613550095,768.2013613550102,49,346,26,16,7
347,1549.0002999999992,1895.5143126211244,346.5140126211252,49,347,26,16,7
348,1561.0002999999992,1896.103133022596,335.10283302259677,47,348,25,15,7
349,1567.0002999999992,1788.8239487078743,221.823648707875,48,349,26,15,7
350,1578.0002999999992,1802.9552740541142,224.95497405411493,44,350,24,14,6
351,1587.0002999999992,1930.7080807623124,343.7077807623132,45,351,25,14,6
352,1593.0002999999992,1778.0481131088015,185.0478131088023,46,352,26,14,6
353,1611.0002999999992,1639.2933184099852,28.29301840998596,45,353,26,14,5
354,1616.0002999999992,1838.0600915264804,222.05979152648115,45,354,25,14,6
355,1625.0002999999992,2013.2271765298863,388.226876529887,45,355,25,14,6
356,1643.0002999999992,1906.8520888817313,263.8517888817321,40,356,23,12,5
357,1646.0002999999992,1697.9922937766046,51.99199377660534,41,357,24,12,5
358,1660.0002999999992,1968.2662264014507,308.26592640145145,42,358,25,12,5
359,1669.0002999999992,1930.252813681072,261.25251368107274,42,359,26,12,4
360,1677.0002999999992,1829.2493917599074,152.2490917599082,42,360,26,12,4
361,1695.0002999999992,2234.7890461480556,539.7887461480564,42,361,27,11,4
362,1696.0002999999992,2357.2738520700395,661.2735520700403,43,362,27,12,4
363,1708.0002999999992,2097.149475633344,389.14917563334484,40,363,23,13,4
364,1721.0002999999992,2306.2295041639536,585.2292041639544,40,364,24,12,4
365,1740.0002999999992,1982.6987695622481,242.69846956224887,39,365,23,13,3
366,1748.0002999999992,1807.854107253355,59.85380725335585,40,366,24,13,3
367,1754.0002999999992,2102.322734795659,348.3224347956598,41,367,25,13,3
368,1761.0002999999992,2036.1025027540127,275.10220275401343,42,368,26,13,3
369,1761.0003099999992,1828.554177502022,67.55386750202274,43,369,27,13,3
370,1768.0003099999992,1911.227191685331,143.22688168533182,44,370,28,13,3
371,1792.0003099999992,1987.8900127527183,195.88970275271913,38,371,22,13,3
372,1832.0003099999992,1922.7539680278046,90.75365802780539,33,372,17,13,3
373,1843.0003099999992,2214.611732987828,371.61142298782875,33,373,17,13,3
374,1858.0003099999992,2428.789069070785,570.7887590707858,33,374,18,13,2
375,1860.0003099999992,2061.00840317303,201.0080931730306,34,375,18,14,2
376,1869.0003099999992,1998.4837411392575,129.4834311392583,33,376,18,13,2
377,1886.0003099999992,2183.831416607138,297.83110660713896,33,377,18,12,3
378,1888.0003099999992,1996.7675248602004,108.7672148602012,34,378,19,12,3
379,1892.0003099999992,2123.362140206616,231.3618302066168,35,379,20,12,3
380,1898.0003099999992,1922.908338146437,24.9080281464378,34,380,18,12,4
381,1899.0003099999992,2478.3018354809938,579.3015254809945,35,381,19,12,4
382,1903.0003099999992,2072.170376221534,169.17006622153463,36,382,20,12,4
383,1909.0003099999992,2090.5858701179527,181.5855601179535,35,383,18,12,5
384,1915.0003099999992,2314.8715706354665,399.87126063546725,35,384,19,12,4
385,1918.0003099999992,2664.458401855852,746.4580918558529,36,385,19,12,5
386,1920.0003099999992,2575.7696523268432,655.769342326844,37,386,19,12,6
387,1922.0003099999992,2218.799278319595,296.7989683195958,38,387,19,13,6
388,1928.0003099999992,2025.312746347203,97.31243634720386,36,388,18,12,6
389,1931.0003099999992,2410.4103416034586,479.4100316034594,35,389,16,12,7
390,1934.0003099999992,2204.3961729968964,270.3958629968972,36,390,16,13,7
391,1941.0003099999992,2103.6849128454573,162.68460284545813,37,391,17,13,7
392,1942.0003099999992,2536.7946080823613,594.794298082362,38,392,18,13,7
393,1942.0003199999992,2055.249401394267,113.2490813942677,39,393,19,13,7
394,1944.0003199999992,2133.848182461693,189.8478624616937,40,394,20,13,7
395,1956.0003199999992,2502.0314671047036,546.0311471047044,40,395,20,13,7
396,1961.0003199999992,2250.263585924611,289.2632659246119,40,396,20,13,7
397,1973.0003199999992,2419.991070291829,446.99075029182995,40,397,19,13,8
398,1981.0003199999992,2303.8200670894703,322.8197470894711,41,398,19,14,8
399,1984.0003199999992,2565.3797669648675,581.3794469648683,40,399,19,13,8
400,1996.0003199999992,2217.1300781203977,221.1297581203985,39,400,18,12,9
401,1998.0003199999992,2378.965437407403,380.9651174074038,39,401,18,12,9
402,2004.0003199999992,2708.0006520834113,704.0003320834121,39,402,19,12,8
403,2004.0003299999992,2637.292899704154,633.2925697041549,40,403,19,13,8
404,2014.0003299999992,2212.5974044096006,198.59707440960142,40,404,19,13,8
405,2022.0003299999992,2303.5795531392732,281.57922313927406,41,405,20,13,8
406,2024.0003299999992,2219.0716801565113,195.07135015651215,42,406,21,13,8
407,2041.0003299999992,2217.7162786723375,176.7159486723383,41,407,21,13,7
408,2042.0003299999992,2751.764749232395,709.7644192323958,42,408,22,13,7
409,2042.0003399999991,2258.3872644993085,216.38692449930932,43,409,22,14,7
410,2047.0003399999991,2445.4818424338646,398.48150243386544,44,410,23,14,7
411,2053.000339999999,2296.8655996480607,243.8652596480615,45,411,24,14,7
412,2053.0003499999993,2276.6378456203124,223.63749562031308,46,412,24,14,8
413,2056.0003499999993,2268.5271578381294,212.52680783813003,46,413,24,14,8
414,2059.0003499999993,2337.8951674713403,278.89481747134096,46,414,25,13,8
415,2066.0003499999993,2190.8921662052826,124.89181620528325,46,415,24,13,9
416,2069.0003499999993,2272.530120722942,203.52977072294243,47,416,24,13,10
417,2075.0003499999993,2180.145895359545,105.14554535954585,47,417,25,13,9
418,2079.0003499999993,2313.2420350078382,234.2416850078389,48,418,26,13,9
419,2083.0003499999993,2366.1091433224233,283.10879332242394,49,419,27,13,9
420,2087.0003499999993,2119.693035777387,32.69268577738785,50,420,28,13,9
421,2093.0003499999993,2238.1922910463463,145.19194104634698,50,421,27,13,10
422,2095.0003499999993,2176.5750159633067,81.57466596330733,51,422,27,13,11
423,2096.0003499999993,2258.0312961096506,162.03094610965127,52,423,28,13,11
424,2099.0003499999993,2114.1040628016867,15.10371280168738,52,424,28,13,11
425,2105.0003499999993,2401.813402331029,296.81305233102967,51,425,26,13,12
426,2110.0003499999993,2278.2772469053302,168.2768969053309,52,426,27,13,12
427,2113.0003499999993,2379.4926415924956,266.49229159249626,53,427,28,13,12
428,2115.0003499999993,2254.6034132951945,139.60306329519517,53,428,29,13,11
429,2120.0003499999993,2206.4540546128082,86.4537046128089,53,429,30,13,10
430,2120.0003599999995,2136.4741011829055,16.473741182905997,54,430,30,13,11
431,2124.0003599999995,2245.812094127361,121.81173412736143,54,431,31,13,10
432,2127.0003599999995,2241.771377725572,114.77101772557262,55,432,32,13,10
433,2128.0003599999995,2786.07397305459,658.0736130545906,56,433,32,13,11
434,2131.0003599999995,2677.840380174982,546.8400201749823,57,434,32,14,11
435,2135.0003599999995,2479.3295484380633,344.32918843806374,57,435,31,15,11
436,2139.0003599999995,2543.0003599999995,404.0,57,436,31,15,11
437,2141.0003599999995,2368.7186908382846,227.71833083828506,58,437,31,16,11
438,2146.0003599999995,2395.4905154892626,249.4901554892631,59,438,32,16,11
439,2146.0003699999997,2274.4768071178114,128.47643711781166,60,439,33,16,11
440,2151.0003699999997,2470.8893734423555,319.8890034423557,61,440,33,16,12
441,2152.0003699999997,2413.9828860498155,261.9825160498158,62,441,34,16,12
442,2155.0003699999997,2412.586011243778,257.58564124377835,63,442,34,16,13
443,2158.0003699999997,2803.3300739379497,645.32970393795,64,443,35,16,13
444,2165.0003699999997,2477.468414532901,312.46804453290133,64,444,35,16,13
445,2167.0003699999997,2215.31496534504,48.31459534504029,65,445,36,16,13
446,2174.0003699999997,2332.4925517468982,158.4921817468985,65,446,35,16,14
447,2174.00038,2694.969048502469,520.968668502469,66,447,36,16,14
448,2180.00038,2346.9240021147098,166.92362211470981,66,448,36,16,14
449,2183.00038,2391.1124645843597,208.11208458435976,66,449,36,16,14
450,2185.00038,2455.270562904942,270.270182904942,66,450,35,16,15
451,2186.00038,2348.703619991357,162.7032399913569,67,451,36,16,15
452,2193.00038,2283.034418366021,90.03403836602092,67,452,37,16,14
453,2193.00039,2771.1934285423854,578.1930385423852,68,453,38,16,14
454,2199.00039,2555.2770941594763,356.27670415947614,68,454,38,16,14
455,2203.00039,2537.147935277742,334.14754527774176,69,455,39,16,14
456,2203.0004000000004,2422.2025242138566,219.20212421385622,70,456,40,16,14
457,2207.0004000000004,2268.645609167822,61.64520916782158,69,457,40,16,13
458,2209.0004000000004,2900.33796384973,691.3375638497296,70,458,41,16,13
459,2212.0004000000004,2503.3921194172153,291.391719417215,71,459,42,16,13
460,2213.0004000000004,2451.151012185934,238.15061218593382,71,460,41,17,13
461,2219.0004000000004,2451.0652424985556,232.0648424985552,67,461,38,17,12
462,2219.0004100000006,2542.549982283191,323.5495722831906,68,462,38,17,13
463,2225.0004100000006,2360.923972455325,135.92356245532437,68,463,38,17,13
464,2225.0004200000008,2826.130515635154,601.1300956351533,69,464,38,17,14
465,2228.0004200000008,2427.1532565548773,199.15283655487656,70,465,38,18,14
466,2229.0004200000008,2434.9710024399283,205.9705824399275,71,466,39,18,14
467,2230.0004200000008,2291.002085196469,61.001665196468366,72,467,40,18,14
468,2234.0004200000008,2379.291867789106,145.2914477891054,73,468,40,18,15
469,2236.0004200000008,2438.0225377115617,202.0221177115609,73,469,40,17,16
470,2240.0004200000008,2431.5137515873885,191.5133315873877,73,470,41,17,15
471,2246.0004200000008,2468.7990543860615,222.7986343860607,72,471,41,17,14
472,2249.0004200000008,2517.6539916787215,268.6535716787207,73,472,42,17,14
473,2250.0004200000008,2300.1981684009593,50.19774840095852,74,473,43,17,14
474,2254.0004200000008,2422.740082684491,168.7396626844902,74,474,44,17,13
475,2256.0004200000008,2329.3553331521694,73.35491315216859,74,475,44,17,13
476,2258.0004200000008,2378.937695981886,120.93727598188525,75,476,44,17,14
477,2259.0004200000008,2331.4037347947697,72.4033147947689,74,477,43,17,14
478,2260.0004200000008,2641.4075454046715,381.40712540467075,75,478,44,17,14
479,2267.0004200000008,2492.8921505275066,225.89173052750584,76,479,45,17,14
480,2271.0004200000008,2906.465446670416,635.4650266704152,75,480,44,17,14
481,2277.0004200000008,2573.5126472581073,296.5122272581066,73,481,42,18,13
482,2280.0004200000008,2539.6471850109497,259.6467650109489,73,482,42,18,13
483,2282.0004200000008,2581.7913247118368,299.790904711836,74,483,43,18,13
484,2290.0004200000008,2490.991841310145,200.99142131014423,74,484,43,18,13
485,2296.0004200000008,3005.656143431489,709.6557234314882,74,485,44,18,12
486,2303.0004200000008,2730.8956505474207,427.89523054741994,73,486,44,18,11
487,2308.0004200000008,2330.046394176207,22.045974176206073,71,487,42,18,11
488,2311.0004200000008,2529.6675233980704,218.66710339806968,72,488,42,18,12
489,2313.0004200000008,2421.2333914260903,108.23297142608953,72,489,41,18,13
490,2314.0004200000008,2662.813269484739,348.8128494847383,72,490,41,18,13
491,2316.0004200000008,2352.7396341545345,36.739214154533784,72,491,42,18,12
492,2321.0004200000008,2385.5117797414846,64.51135974148383,73,492,42,18,13
493,2321.000430000001,3045.7401667226986,724.7397367226977,74,493,42,18,14
494,2322.000430000001,2552.539616944888,230.5391869448872,75,494,42,19,14
495,2327.000430000001,2793.223596790035,466.22316679003416,76,495,43,19,14
496,2328.000430000001,3022.849943963651,694.8495139636502,77,496,43,19,15
497,2329.000430000001,2468.1991579839328,139.1987279839318,78,497,43,20,15
498,2333.000430000001,2613.838882748199,280.83845274819805,75,498,42,20,13
499,2333.000440000001,3334.6099422223233,1001.6095022223221,76,499,43,20,13
500,2334.000440000001,2595.8774783432464,261.8770383432452,77,500,43,21,13
501,2337.000440000001,2777.7813760497174,440.7809360497163,78,501,44,21,13
502,2340.000440000001,2410.8786135596465,70.87817355964535,78,502,44,22,12
503,2345.000440000001,2457.474343384572,112.4739033845708,79,503,45,22,12
504,2346.000440000001,2637.118996231405,291.118556231404,80,504,46,22,12
505,2349.000440000001,2462.932522509402,113.93208250940097,79,505,45,22,12
506,2355.000440000001,2469.572368818674,114.57192881867286,79,506,46,22,11
507,2357.000440000001,2462.7724448445497,105.77200484454852,80,507,46,22,12
508,2364.000440000001,2534.340595106088,170.34015510608697,79,508,47,21,11
509,2365.000440000001,2415.132137410237,50.13169741023603,80,509,48,21,11
510,2371.000440000001,2690.932193108381,319.9317531083798,79,510,46,21,12
511,2371.0004500000014,2719.5754812865684,348.5750312865671,80,511,47,21,12
512,2373.0004500000014,2880.482654396758,507.4822043967565,81,512,48,21,12
513,2377.0004500000014,2941.3738693040277,564.3734193040264,82,513,48,22,12
514,2379.0004500000014,2509.0787243306672,130.07827433066586,81,514,46,23,12
515,2379.0004600000016,3139.2742238355263,760.2737638355247,82,515,46,23,13
516,2386.0004600000016,2668.470403501412,282.4699435014104,80,516,45,23,12
517,2388.0004600000016,2983.313314067722,595.3128540677203,80,517,46,23,11
518,2392.0004600000016,2681.097464731113,289.0970047311116,80,518,46,24,10
519,2394.0004600000016,2495.0776174716866,101.07715747168504,81,519,46,24,11
520,2401.0004600000016,2557.7200877649207,156.7196277649191,81,520,46,24,11
521,2402.0004600000016,2655.2094308676183,253.2089708676167,81,521,46,24,11
522,2407.0004600000016,2422.2217936371753,15.221333637173757,82,522,47,24,11
523,2408.0004600000016,3189.3223679950147,781.3219079950131,83,523,47,24,12
524,2411.0004600000016,2507.4584271614594,96.45796716145787,82,524,46,24,12
525,2414.0004600000016,3344.027293246981,930.0268332469795,81,525,45,24,12
526,2414.0004700000018,2528.9694410180296,114.96897101802779,82,526,45,25,12
527,2417.0004700000018,2565.1536822042312,148.15321220422948,82,527,46,25,11
528,2418.0004700000018,2678.4479913289692,260.44752132896747,83,528,47,25,11
529,2420.0004700000018,2489.555628389779,69.55515838977726,83,529,47,24,12
530,2422.0004700000018,2726.163519280161,304.16304928015916,83,530,47,24,12
531,2426.0004700000018,2524.2348008018525,98.23433080185077,81,531,45,24,12
532,2430.0004700000018,2839.3662216496696,409.3657516496678,80,532,44,23,13
533,2435.0004700000018,2499.909037038409,64.90856703840745,79,533,43,23,13
534,2441.0004700000018,2619.430999038906,178.4305290389043,79,534,42,23,14
535,2450.0004700000018,3311.852943781335,861.8524737813332,79,535,42,23,14
536,2451.0004700000018,3066.445158850495,615.4446888504931,80,536,43,23,14
537,2451.000480000002,2604.6993443915394,153.69886439153743,81,537,43,24,14
538,2455.000480000002,3039.509750428296,584.5092704282938,80,538,43,24,13
539,2457.000480000002,2541.714614868651,84.71413486864913,80,539,42,24,14
540,2462.000480000002,2691.6368934648394,229.63641346483746,80,540,42,24,14
541,2465.000480000002,3127.2194093047397,662.2189293047377,79,541,41,24,14
542,2476.000480000002,2896.255621910214,420.25514191021193,76,542,39,24,13
543,2477.000480000002,2704.6587102124977,227.6582302124957,77,543,40,24,13
544,2483.000480000002,2566.629058023007,83.62857802300505,75,544,38,24,13
545,2483.000490000002,2502.2793534425696,19.2788634425674,76,545,39,24,13
546,2486.000490000002,3155.0386576278333,669.0381676278312,77,546,40,24,13
547,2496.000490000002,3199.556516748815,703.5560267488127,74,547,36,25,13
548,2501.000490000002,2640.339521617313,139.33903161731087,74,548,36,26,12
549,2505.000490000002,2982.5067489939734,477.5062589939712,72,549,36,24,12
550,2514.000490000002,2650.403159536538,136.402669536536,71,550,36,25,10
551,2516.000490000002,2666.0800758866494,150.07958588664724,72,551,37,25,10
552,2525.000490000002,2650.778507137217,125.77801713721465,71,552,37,25,9
553,2525.0005000000024,3636.789916258973,1111.7894162589705,72,553,38,25,9
554,2530.0005000000024,2655.8108121087384,125.81031210873607,71,554,38,25,8
555,2530.0005100000026,2530.619913996469,0.6194039964666445,72,555,39,25,8
556,2537.0005100000026,2640.0165173150153,103.01600731501276,70,556,37,25,8
557,2538.0005100000026,2853.0004737847703,314.9999637847677,70,557,37,25,8
558,2539.0005100000026,2816.3279421678553,277.32743216785275,71,558,37,25,9
559,2553.0005100000026,2731.9183751676587,178.91786516765615,67,559,34,24,9
560,2553.000520000003,3132.7687431789072,579.7682231789045,68,560,35,24,9
561,2557.000520000003,2668.9179189764986,111.91739897649586,68,561,34,25,9
562,2558.000520000003,2660.5814449135237,102.5809249135209,68,562,34,25,9
563,2562.000520000003,2788.5912130033967,226.59069300339388,69,563,34,25,10
564,2565.000520000003,2676.783869536726,111.78334953672311,70,564,35,25,10
565,2584.000520000003,2826.1522305095664,242.1517105095636,65,565,31,24,10
566,2586.000520000003,2748.9500010119177,162.94948101191494,66,566,32,24,10
567,2587.000520000003,3215.6756076433903,628.6750876433875,67,567,33,24,10
568,2589.000520000003,2840.6535097533365,251.6529897533337,68,568,33,25,10
569,2592.000520000003,2842.9136908104183,250.91317081041552,69,569,34,25,10
570,2593.000520000003,2857.498510785474,264.4979907854713,70,570,35,25,10
571,2595.000520000003,2758.077995855256,163.0774758552534,71,571,36,25,10
572,2596.000520000003,2821.811316064872,225.810796064869,71,572,36,25,10
573,2600.000520000003,2691.702442574437,91.70192257443432,72,573,37,25,10
574,2600.000530000003,2773.5386643451,173.5381343450972,73,574,37,25,11
575,2605.000530000003,2711.5179448775266,106.5174148775236,73,575,37,25,11
576,2605.000540000003,2778.0651215512676,173.06458155126438,74,576,37,25,12
577,2607.000540000003,2858.82110212503,251.82056212502675,75,577,38,25,12
578,2608.000540000003,2824.3689015561517,216.36836155614856,76,578,39,25,12
579,2612.000540000003,2800.2051963361682,188.20465633616504,77,579,40,25,12
580,2613.000540000003,2794.8172719412128,181.81673194120958,78,580,41,25,12
581,2614.000540000003,2794.1443162085243,180.1437762085211,78,581,41,25,12
582,2618.000540000003,2904.9397237121784,286.93918371217524,79,582,42,25,12
583,2618.0005500000034,2776.9723913007774,158.97184130077403,80,583,43,25,12
584,2618.0005600000036,2650.275585073843,32.275025073839515,81,584,43,25,13
585,2624.0005600000036,2802.448506698364,178.44794669836028,81,585,43,25,13
586,2624.000570000004,2686.340734017892,62.34016401788813,82,586,44,25,13
587,2627.000570000004,3149.490740423634,522.4901704236304,83,587,44,25,14
588,2630.000570000004,2795.022528903985,165.02195890398116,84,588,44,26,14
589,2631.000570000004,2756.89835845532,125.897788455316,85,589,45,26,14
590,2634.000570000004,2718.159296752738,84.15872675273431,86,590,45,26,15
591,2639.000570000004,3216.3494522120945,577.3488822120908,85,591,44,25,16
592,2646.000570000004,2936.396869624728,290.3962996247242,83,592,41,26,16
593,2649.000570000004,2830.8612166271982,181.86064662719446,84,593,42,26,16
594,2656.000570000004,3073.3433362404207,417.34276624041695,80,594,38,26,16
595,2668.000570000004,2814.486091238944,146.48552123894024,77,595,36,26,15
596,2670.000570000004,2880.87699254386,210.87642254385628,76,596,35,26,15
597,2675.000570000004,2815.9889726776396,140.9884026776358,77,597,35,26,16
598,2676.000570000004,2839.7865288064,163.78595880639614,78,598,36,26,16
599,2678.000570000004,2832.010539339682,154.00996933967826,77,599,36,25,16
600,2679.000570000004,2698.8670269892677,19.866456989263952,77,600,37,25,15
601,2686.000570000004,2799.7489901524978,113.74842015249396,77,601,38,25,14
602,2687.000570000004,2837.7242552875223,150.7236852875185,77,602,38,25,14
603,2690.000570000004,2847.3802387449805,157.3796687449767,78,603,38,25,15
604,2691.000570000004,2881.1501411989757,190.1495711989719,78,604,37,25,16
605,2694.000570000004,2823.5011033458877,129.50053334588392,77,605,36,25,16
606,2694.000580000004,2764.354024087028,70.35344408702395,78,606,36,25,17
607,2704.000580000004,3007.7523544906976,303.7517744906936,77,607,34,25,18
608,2707.000580000004,3287.4975291670153,580.4969491670113,77,608,34,25,18
609,2711.000580000004,3209.1409888427684,498.1404088427644,77,609,34,25,18
610,2718.000580000004,2865.0104097471667,147.0098297471627,77,610,35,25,17
611,2724.000580000004,2850.4408576628152,126.44027766281124,76,611,35,25,16
612,2729.000580000004,2950.793058289788,221.79247828978396,76,612,36,25,15
613,2740.000580000004,3167.44319054099,427.44261054098615,75,613,35,24,16
614,2740.000590000004,2839.4669070718373,99.46631707183315,76,614,35,25,16
615,2740.0006000000044,3388.9460930348346,648.9454930348302,77,615,36,25,16
616,2746.0006000000044,3027.836157056703,281.8355570566987,78,616,36,26,16
617,2756.0006000000044,3047.2463555608624,291.245755560858,77,617,36,25,16
618,2758.0006000000044,3369.8253402236687,611.8247402236643,77,618,37,25,15
619,2762.0006000000044,2896.0781508882264,134.07755088822205,77,619,36,26,15
620,2771.0006000000044,3094.449144021845,323.44854402184046,77,620,36,26,15
621,2771.0006100000046,2860.809341833553,89.80873183354834,78,621,37,26,15
622,2777.0006100000046,2964.9998750293994,187.9992650293948,76,622,37,25,14
623,2783.0006100000046,2942.8178709566005,159.81726095659587,75,623,37,24,14
624,2785.0006100000046,3086.7383612296726,301.737751229668,76,624,37,24,15
625,2790.0006100000046,3068.2174535534236,278.21684355341904,75,625,37,23,15
626,2794.0006100000046,2814.581458876043,20.580848876038544,75,626,38,23,14
627,2796.0006100000046,3569.582082998603,773.5814729985982,73,627,35,23,15
628,2800.0006100000046,3006.7800719295983,206.7794619295937,73,628,35,24,14
629,2803.0006100000046,2836.1671231808705,33.16651318086588,72,629,34,24,14
630,2807.0006100000046,3449.3099441775375,642.309334177533,72,630,34,23,15
631,2808.0006100000046,3364.178973579131,556.1783635791262,73,631,34,24,15
632,2811.0006100000046,2977.200470868659,166.19986086865447,74,632,35,24,15
633,2822.0006100000046,2943.922728454652,121.92211845464726,70,633,32,24,14
634,2822.000620000005,3037.2707630160253,215.27014301602048,71,634,33,24,14
635,2825.000620000005,2998.323942263939,173.3233222639342,70,635,33,24,13
636,2826.000620000005,3094.5402434305042,268.53962343049943,71,636,34,24,13
637,2828.000620000005,3087.4067415442587,259.4061215442539,70,637,33,23,14
638,2832.000620000005,3094.43068618111,262.4300661811053,70,638,33,23,14
639,2833.000620000005,2959.10052983623,126.09990983622538,70,639,33,23,14
640,2838.000620000005,3322.5614538506184,484.56083385061356,69,640,34,23,12
641,2842.000620000005,3142.337751261816,300.337131261811,66,641,31,24,11
642,2842.000630000005,3026.625307763344,184.62467776333915,67,642,32,24,11
643,2846.000630000005,2995.744788424534,149.7441584245289,67,643,32,24,11
644,2851.000630000005,3072.3314206544396,221.33079065443462,66,644,32,24,10
645,2859.000630000005,2945.904193337203,86.9035633371982,64,645,31,24,9
646,2860.000630000005,3099.926660969484,239.92603096947914,65,646,31,24,10
647,2862.000630000005,3082.1866251341594,220.18599513415438,65,647,31,24,10
648,2869.000630000005,3108.2704041086217,239.26977410861673,65,648,31,24,10
649,2871.000630000005,2937.423833734144,66.42320373413895,66,649,31,24,11
650,2871.000640000005,3169.5421786471543,298.5415386471491,67,650,32,24,11
651,2881.000640000005,3173.763350803069,292.7627108030638,66,651,33,23,10
652,2884.000640000005,3210.4854131490147,326.48477314900947,66,652,34,23,9
653,2890.000640000005,3613.2491026719063,723.248462671901,67,653,35,23,9
654,2895.000640000005,3317.478515715855,422.4778757158497,68,654,35,24,9
655,2895.0006500000054,2947.9215991651763,52.920949165170896,69,655,36,24,9
656,2900.0006500000054,3092.3401976465943,192.33954764658893,68,656,35,24,9
657,2912.0006500000054,3026.9351892512286,114.93453925122321,66,657,34,23,9
658,2913.0006500000054,3202.6237584723654,289.62310847235995,67,658,35,23,9
659,2917.0006500000054,3172.77254202161,255.7718920216048,68,659,36,23,9
660,2945.0006500000054,3055.6140064521296,110.61335645212421,64,660,33,22,9
661,2951.0006500000054,2964.7832817783305,13.78263177832514,62,661,34,22,6
662,2951.0006600000056,3104.061958311956,153.0612983119504,63,662,35,22,6
663,2974.0006600000056,3271.8758380593554,297.87517805934976,61,663,32,22,7
664,3007.0006600000056,4069.0129079229055,1062.0122479228999,55,664,28,20,7
665,3011.0006600000056,3350.2161210054214,339.2154610054158,55,665,28,20,7
666,3015.0006600000056,3175.541758450593,160.54109845058747,56,666,29,20,7
667,3020.0006600000056,3087.0710549758232,67.07039497581763,57,667,30,20,7
668,3023.0006600000056,3315.7221582474654,292.72149824745975,57,668,31,19,7
669,3031.0006600000056,3683.1637994508133,652.1631394508076,55,669,29,19,7
670,3047.0006600000056,3238.6492288429026,191.64856884289702,53,670,28,19,6
671,3052.0006600000056,3315.848819429052,263.8481594290465,53,671,28,19,6
672,3088.0006600000056,3236.7689180360007,148.76825803599513,45,672,22,18,5
673,3090.0006600000056,3635.251692864673,545.2510328646672,46,673,23,18,5
674,3094.0006600000056,3337.1149070639135,243.1142470639079,46,674,22,19,5
675,3101.0006600000056,3209.6327635497346,108.63210354972898,43,675,20,19,4
676,3132.0006600000056,3196.3379886292482,64.33732862924262,41,676,20,19,2
677,3132.000670000006,3198.256656728759,66.25598672875321,42,677,21,19,2
678,3135.000670000006,3479.2884246285057,344.2877546284999,42,678,22,18,2
679,3153.000670000006,3199.6003376370195,46.59966763701368,40,679,22,17,1
680,3163.000670000006,3360.834725275078,197.8340552750724,40,680,22,16,2
681,3171.000670000006,3357.3896539910656,186.38898399105983,39,681,22,15,2
682,3179.000670000006,3514.083761075317,335.08309107531113,37,682,21,15,1
683,3194.000670000006,3374.0281058545747,180.02743585456892,37,683,22,14,1
684,3198.000670000006,3383.042410434684,185.0417404346781,37,684,22,14,1
685,3200.000670000006,3290.0669423134136,90.06627231340781,35,685,22,13,0
686,3205.000670000006,4072.6727620050606,867.6720920050548,35,686,22,13,0
687,3212.000670000006,3483.6995319949083,271.6988619949025,33,687,20,13,0
688,3217.000670000006,3366.5430443982323,149.54237439822646,32,688,21,11,0
689,3240.000670000006,3415.83293295271,175.83226295270424,31,689,20,11,0
690,3242.000670000006,3292.6540098858445,50.653339885838705,32,690,21,11,0
691,3245.000670000006,3412.476664598539,167.47599459853336,33,691,22,11,0
692,3261.000670000006,3295.2649734605075,34.26430346050165,34,692,22,11,1
693,3262.000670000006,3447.6521095518983,185.6514395518925,35,693,22,11,2
694,3276.000670000006,3515.0046396557477,239.0039696557419,35,694,22,11,2
695,3277.000670000006,3639.002413627747,362.00174362774123,36,695,22,11,3
696,3281.000670000006,3425.0402009585755,144.03953095856969,37,696,23,11,3
697,3293.000670000006,3582.354935270925,289.3542652709193,35,697,22,10,3
698,3302.000670000006,3396.0110737355353,94.01040373552951,35,698,23,10,2
699,3318.000670000006,3515.5237768952725,197.52310689526666,32,699,19,10,3
700,3320.000670000006,3556.555653752084,236.554983752078,33,700,20,10,3
701,3329.000670000006,3432.063697085686,103.06302708568,33,701,21,9,3
702,3332.000670000006,3474.989910529947,142.98924052994107,34,702,22,9,3
703,3350.000670000006,3701.1530718405547,351.1524018405489,32,703,21,7,4
704,3353.000670000006,3608.9422126856557,255.9415426856499,32,704,21,7,4
705,3358.000670000006,3408.410808801308,50.41013880130231,32,705,21,7,4
706,3363.000670000006,3518.6093603623253,155.60869036231952,32,706,21,7,4
707,3367.000670000006,3543.1825015425266,176.18183154252074,31,707,19,7,5
708,3369.000670000006,3482.8225595604745,113.82188956046866,32,708,20,7,5
709,3386.000670000006,3830.697873335667,444.697203335661,30,709,18,6,6
710,3397.000670000006,3580.971596241313,183.9709262413071,29,710,19,5,5
711,3417.000670000006,3685.674163582497,268.6734935824911,27,711,18,5,4
712,3422.000670000006,3470.6353865343244,48.63471653431861,28,712,19,5,4
713,3425.000670000006,3436.3758735386778,11.37520353867194,29,713,19,5,5
714,3427.000670000006,3615.638800739069,188.6381307390634,29,714,18,5,6
715,3431.000670000006,3651.73212250206,220.73145250205425,30,715,19,5,6
716,3433.000670000006,3678.2125668569442,245.21189685693844,30,716,18,5,7
717,3435.000670000006,3676.9123055470686,241.91163554706282,31,717,19,5,7
718,3441.000670000006,3750.088317790433,309.0876477904271,31,718,20,5,6
719,3448.000670000006,3642.0795359916156,194.07886599160975,31,719,20,5,6
720,3454.000670000006,4100.134892922615,646.1342229226093,31,720,21,4,6
721,3465.000670000006,3666.5302057342765,201.52953573427067,32,721,21,5,6
722,3466.000670000006,3648.982770787465,182.98210078745933,33,722,22,5,6
723,3469.000670000006,3709.9140361150817,240.91336611507586,34,723,23,5,6
724,3471.000670000006,3673.224142979896,202.22347297989018,34,724,24,5,5
725,3473.000670000006,3612.623444761829,139.62277476182317,35,725,25,5,5
726,3478.000670000006,3747.8256406666537,269.8249706666479,35,726,26,5,4
727,3478.000680000006,3692.1508392431965,214.1501592431905,36,727,27,5,4
728,3484.000680000006,4360.255706926053,876.2550269260469,34,728,26,5,3
729,3488.000680000006,3687.4143541078815,199.41367410787552,35,729,26,6,3
730,3488.000690000006,4159.394304873429,671.3936148734228,36,730,27,6,3
731,3493.000690000006,3719.2913462821675,226.2906562821613,37,731,27,7,3
732,3493.0007000000064,3625.4795529827256,132.47885298271922,38,732,28,7,3
733,3497.0007000000064,3806.0609498757203,309.0602498757139,39,733,29,7,3
734,3499.0007000000064,3702.4661517556056,203.46545175559913,40,734,29,8,3
735,3502.0007000000064,4038.8029803015293,536.8022803015228,41,735,29,8,4
736,3504.0007000000064,3631.4699647727493,127.46926477274292,42,736,30,8,4
737,3509.0007000000064,3641.4462524761457,132.44555247613926,43,737,30,8,5
738,3509.0007100000066,3724.6638577587623,215.6631477587557,44,738,30,8,6
739,3514.0007100000066,3607.434978204833,93.43426820482637,45,739,31,8,6
740,3517.0007100000066,3725.571005387659,208.57029538765255,43,740,29,8,6
741,3517.000720000007,3907.8574645831122,390.8567445831054,44,741,30,8,6
742,3520.000720000007,3693.6633426653484,173.6626226653416,44,742,31,8,5
743,3520.000730000007,3618.4362040555607,98.43547405555364,45,743,31,8,6
744,3523.000730000007,3902.104804248853,379.1040742488458,46,744,31,8,7
745,3523.000740000007,3833.138222942496,310.137482942489,47,745,31,8,8
746,3525.000740000007,3763.396660904038,238.39592090403085,48,746,32,8,8
747,3528.000740000007,3701.718829794811,173.71808979480375,49,747,33,8,8
748,3529.000740000007,4001.22122552484,472.22048552483284,50,748,34,8,8
749,3536.000740000007,4502.610064454511,966.6093244545041,51,749,35,8,8
750,3537.000740000007,4322.560264561884,785.5595245618765,52,750,35,8,9
751,3541.000740000007,3632.512933245529,91.51219324552176,53,751,35,9,9
752,3543.000740000007,3737.507891022414,194.50715102240656,54,752,35,9,10
753,3543.0007500000074,3573.6364685550316,30.63571855502414,55,753,36,9,10
754,3548.0007500000074,3593.675585008265,45.67483500825756,55,754,35,9,11
755,3549.0007500000074,3693.873042970269,144.8722929702617,56,755,36,9,11
756,3552.0007500000074,3927.2003782113234,375.19962821131594,57,756,37,9,11
757,3553.0007500000074,3858.6683861401734,305.667636140166,58,757,38,9,11
758,3562.0007500000074,3637.7627908115505,75.7620408115431,58,758,38,9,11
759,3564.0007500000074,3753.544256655138,189.5435066551304,59,759,39,9,11
760,3566.0007500000074,4009.721155749879,443.7204057498716,60,760,39,9,12
761,3572.0007500000074,3861.6827201340357,289.68197013402823,60,761,39,9,12
762,3573.0007500000074,4034.7562705213177,461.75552052131025,61,762,40,9,12
763,3573.0007600000076,3719.3378606124124,146.3371006124048,62,763,41,9,12
764,3578.0007600000076,3967.2199731190426,389.219213119035,62,764,41,9,12
765,3582.0007600000076,3697.427234171526,115.4264741715183,62,765,40,9,13
766,3584.0007600000076,4207.825986612973,623.8252266129653,62,766,39,9,14
767,3586.0007600000076,4496.123077237628,910.1223172376208,63,767,39,10,14
768,3589.0007600000076,3645.277212237792,56.27645223778427,64,768,39,11,14
769,3592.0007600000076,3687.530539715088,95.52977971508017,65,769,40,11,14
770,3594.0007600000076,4442.237135348503,848.2363753484956,65,770,39,11,15
771,3596.0007600000076,3609.64612990764,13.645369907632357,66,771,39,12,15
772,3603.0007600000076,4000.751494478198,397.7507344781902,67,772,39,12,16
773,3603.000770000008,3809.4458363163067,206.44506631629883,68,773,40,12,16
774,3607.000770000008,3741.284262027106,134.28349202709796,69,774,41,12,16
775,3608.000770000008,3717.985886291574,109.9851162915661,69,775,42,12,15
776,3613.000770000008,3818.0706119773577,205.06984197734982,67,776,41,12,14
777,3614.000770000008,3925.9236929065987,311.9229229065909,67,777,41,11,15
778,3625.000770000008,3972.1270438522733,347.1262738522655,66,778,41,11,14
779,3627.000770000008,3935.3109559599748,308.31018595996693,66,779,41,11,14
780,3630.000770000008,3737.509845459438,107.50907545943028,67,780,42,11,14
781,3633.000770000008,3673.8937274446857,40.892957444677904,66,781,42,11,13
782,3638.000770000008,3762.968651337768,124.96788133775999,64,782,40,10,14
783,3643.000770000008,3837.0783812983327,194.07761129832488,62,783,39,10,13
784,3645.000770000008,3779.8375785469516,134.83680854694376,63,784,40,10,13
785,3649.000770000008,3894.3900980512153,245.38932805120749,62,785,38,10,14
786,3652.000770000008,3781.5125038801343,129.51173388012649,62,786,39,10,13
787,3653.000770000008,4064.055884428711,411.0551144287033,63,787,39,10,14
788,3658.000770000008,3773.164702149569,115.16393214956133,64,788,40,10,14
789,3662.000770000008,3729.8918743431122,67.89110434310442,65,789,40,10,15
790,3663.000770000008,3759.3898769543607,96.38910695435288,66,790,41,10,15
791,3664.000770000008,4413.016157122662,749.0153871226539,67,791,41,10,16
792,3670.000770000008,3801.4106981626546,131.4099281626468,67,792,40,11,16
793,3673.000770000008,3714.2280701954655,41.2273001954577,68,793,40,11,17
794,3674.000770000008,3879.026486102703,205.02571610269524,67,794,40,11,16
795,3675.000770000008,3857.200078498235,182.1993084982273,68,795,41,11,16
796,3679.000770000008,3739.1286903299842,60.127920329976405,67,796,40,11,16
797,3679.000780000008,3944.659063912235,265.65828391222703,68,797,41,11,16
798,3683.000780000008,4437.362201871764,754.3614218717562,69,798,42,11,16
799,3684.000780000008,4114.617603421616,430.61682342160793,69,799,42,11,16
800,3688.000780000008,3931.0142334880356,243.0134534880276,67,800,41,11,15
801,3688.0007900000082,3754.127331036415,66.1265410364067,68,801,42,11,15
802,3694.0007900000082,3772.19950545224,78.19871545223168,66,802,40,11,15
803,3695.0007900000082,3729.1738275807757,34.173037580767414,67,803,40,11,16
804,3701.0007900000082,3964.7940085277437,263.79321852773546,67,804,41,11,15
805,3705.0007900000082,3935.846751775766,230.8459617757576,65,805,39,11,15
806,3708.0007900000082,4262.782288908074,554.7814989080662,66,806,40,11,15
807,3713.0007900000082,3751.8823270277,38.88153702769159,66,807,40,11,15
808,3714.0007900000082,4356.523468250481,642.5226782504724,67,808,40,11,16
809,3716.0007900000082,3760.7386857636643,44.73789576365607,67,809,39,12,16
810,3718.0007900000082,3838.9748757350467,120.97408573503844,67,810,39,12,16
811,3723.0007900000082,4015.76694311981,292.76615311980186,66,811,39,12,15
812,3723.0008000000084,3811.59957074112,88.59877074111137,67,812,39,12,16
813,3729.0008000000084,3803.9459658576793,74.94516585767087,66,813,37,12,17
814,3730.0008000000084,3925.6507970410225,195.6499970410141,65,814,35,12,18
815,3733.0008000000084,3779.1840316535963,46.18323165358788,66,815,35,12,19
816,3735.0008000000084,3977.1581542169797,242.15735421697127,67,816,35,12,20
817,3736.0008000000084,4142.714889197462,406.71408919745363,68,817,36,12,20
818,3736.0008100000086,3989.4254706292636,253.42466062925496,69,818,37,12,20
819,3740.0008100000086,4096.246788119631,356.2459781196221,67,819,36,12,19
820,3742.0008100000086,4002.5290651313226,260.5282551313139,67,820,36,12,19
821,3743.0008100000086,3974.9726731816954,231.97186318168679,68,821,36,12,20
822,3748.0008100000086,4077.1927835647903,329.1919735647816,68,822,36,12,20
823,3748.000820000009,3809.496948353785,61.49612835377593,69,823,36,12,21
824,3750.000820000009,3911.3487113438764,161.34789134386756,70,824,37,12,21
825,3753.000820000009,4004.5955975568763,251.59477755686748,69,825,36,12,21
826,3758.000820000009,3932.675888794583,174.67506879457414,68,826,36,12,20
827,3758.000830000009,3901.866100853762,143.86527085375292,69,827,37,12,20
828,3763.000830000009,4109.981866701734,346.9810367017253,67,828,36,12,19
829,3763.0008400000092,3925.2492929358577,162.2484529358485,68,829,37,12,19
830,3764.0008400000092,4801.462518679691,1037.4616786796819,68,830,37,12,19
831,3771.0008400000092,4076.549168549269,305.5483285492596,69,831,37,13,19
832,3773.0008400000092,4425.772432404612,652.7715924046029,69,832,38,13,18
833,3774.0008400000092,4934.225716313664,1160.2248763136545,69,833,38,14,17
834,3776.0008400000092,4036.655949674625,260.6551096746157,70,834,39,14,17
835,3778.0008400000092,4011.1417663817224,233.14092638171314,71,835,40,14,17
836,3778.0008500000095,4068.8860590251834,290.88520902517394,72,836,41,14,17
837,3779.0008500000095,3972.764028904245,193.7631789042357,73,837,42,14,17
838,3783.0008500000095,3842.1693388228773,59.16848882286786,71,838,43,14,14
839,3788.0008500000095,4215.937603968554,427.9367539685445,72,839,43,14,15
840,3788.0008600000097,3982.1327330506992,194.1318730506896,73,840,44,14,15
841,3792.0008600000097,4024.0008770509025,232.0000170508929,74,841,45,14,15
842,3794.0008600000097,4494.312046603881,700.3111866038712,75,842,46,14,15
843,3797.0008600000097,3947.0844990404853,150.08363904047565,76,843,47,14,15
844,3800.0008600000097,4405.04176846683,605.0409084668204,77,844,48,14,15
845,3802.0008600000097,3952.608461527762,150.6076015277522,77,845,48,15,14
846,3802.00087000001,4195.296616941878,393.29574694186795,78,846,49,15,14
847,3803.00087000001,4402.996656026959,599.9957860269487,79,847,50,15,14
848,3808.00087000001,4052.996458098275,244.99558809826522,78,848,50,15,13
849,3811.00087000001,4145.781637841788,334.78076784177847,77,849,49,15,13
850,3813.00087000001,4023.982222256147,210.98135225613714,77,850,50,15,12
851,3817.00087000001,3865.875798321036,48.874928321026346,78,851,51,15,12
852,3819.00087000001,3949.738068484206,130.73719848419614,78,852,51,15,12
853,3823.00087000001,4285.427187243868,462.42631724385774,79,853,52,15,12
854,3823.00088000001,4377.840344607324,554.8394646073143,80,854,53,15,12
855,3825.00088000001,3847.5143896020786,22.513509602068552,81,855,53,16,12
856,3827.00088000001,4040.992513425485,213.9916334254749,82,856,54,16,12
857,3836.00088000001,3968.971266911795,132.97038691178477,81,857,52,16,13
858,3838.00088000001,3911.628943339322,73.62806333931212,81,858,52,16,13
859,3844.00088000001,3962.0875166797814,118.08663667977135,80,859,52,16,12
860,3847.00088000001,4372.968264553724,525.967384553714,81,860,53,16,12
861,3849.00088000001,4685.565661258346,836.5647812583361,81,861,52,17,12
862,3853.00088000001,4026.2259560207667,173.22507602075666,82,862,52,18,12
863,3856.00088000001,3923.147047019441,67.14616701943078,83,863,52,18,13
864,3856.0008900000103,4023.96632617703,167.9654361770199,84,864,52,18,14
865,3859.0008900000103,4091.2500955459695,232.24920554595928,83,865,51,18,14
866,3861.0008900000103,4247.56142566979,386.5605356697797,84,866,52,18,14
867,3862.0008900000103,4041.4084873355937,179.40759733558343,84,867,52,18,14
868,3864.0008900000103,4104.256721672723,240.2558316727127,85,868,53,18,14
869,3866.0008900000103,4084.67552632744,218.67463632742965,85,869,54,18,13
870,3869.0008900000103,3961.3318926854067,92.33100268539647,86,870,55,18,13
871,3873.0008900000103,4033.05637633763,160.05548633761964,87,871,56,18,13
872,3875.0008900000103,3957.237142694373,82.23625269436252,88,872,57,18,13
873,3877.0008900000103,4138.310552793496,261.3096627934856,89,873,58,18,13
874,3877.0009000000105,4487.358803522771,610.3579035227608,90,874,59,18,13
875,3881.0009000000105,4044.8966875668243,163.89578756681385,90,875,58,19,13
876,3884.0009000000105,4165.310685680759,281.3097856807485,91,876,59,19,13
877,3886.0009000000105,3999.1515870891076,113.15068708909712,92,877,60,19,13
878,3886.0009100000107,3974.793386151285,88.79247615127451,93,878,60,19,14
879,3890.0009100000107,4142.244922830026,252.24401283001498,94,879,61,19,14
880,3893.0009100000107,4670.017304580002,777.0163945799914,95,880,61,19,15
881,3894.0009100000107,4018.209767364995,124.2088573649844,96,881,62,19,15
882,3895.0009100000107,4192.835047939165,297.83413793915406,96,882,62,19,15
883,3895.000920000011,4152.143807573441,257.14288757343047,97,883,63,19,15
884,3897.000920000011,3919.199669417707,22.198749417696035,98,884,64,19,15
885,3902.000920000011,3919.8219580278806,17.82103802786969,98,885,63,19,16
886,3906.000920000011,3963.7988484722523,57.79792847224144,98,886,64,19,15
887,3906.000930000011,3972.202983566661,66.20205356664974,99,887,65,19,15
888,3910.000930000011,4067.1728667186467,157.1719367186356,99,888,64,19,16
889,3915.000930000011,4074.1329662780004,159.1320362779893,98,889,64,19,15
890,3917.000930000011,3974.7971535029073,57.79622350289628,99,890,64,19,16
891,3921.000930000011,4264.457866631194,343.45693663118254,98,891,64,19,15
892,3922.000930000011,4062.9137276378206,140.9127976378095,99,892,65,19,15
893,3927.000930000011,4092.092091512651,165.09116151264016,96,893,63,19,14
894,3930.000930000011,4204.7355120115535,274.73458201154244,96,894,63,19,14
895,3932.000930000011,4205.9685786264145,273.9676486264034,96,895,63,19,14
896,3934.000930000011,4348.808508958954,414.80757895894294,96,896,63,19,14
897,3936.000930000011,4172.889155703061,236.88822570305,95,897,62,19,14
898,3938.000930000011,4281.051623608855,343.0506936088441,96,898,63,19,14
899,3943.000930000011,4047.3546054274816,104.35367542747053,97,899,64,19,14
900,3945.000930000011,4048.7260810853677,103.72515108535663,97,900,63,19,15
901,3947.000930000011,3982.454426192379,35.453496192367766,98,901,63,19,16
902,3951.000930000011,3971.038679453763,20.037749453751985,97,902,61,19,17
903,3955.000930000011,4482.7134531940055,527.7125231939945,97,903,60,19,18
904,3961.000930000011,4151.906696766173,190.90576676616183,97,904,59,20,18
905,3966.000930000011,4067.569345957817,101.56841595780588,94,905,57,20,17
906,3970.000930000011,4021.825766742423,51.82483674241212,93,906,57,20,16
907,3970.0009400000113,4428.139461682121,458.1385216821095,94,907,57,20,17
908,3973.0009400000113,4343.702417139242,370.701477139231,91,908,56,20,15
909,3975.0009400000113,4073.073824146957,98.07288414694585,89,909,54,20,15
910,3978.0009400000113,5041.38765254577,1063.3867125457587,89,910,54,20,15
911,3984.0009400000113,4349.986826702901,365.9858867028902,88,911,53,20,15
912,3985.0009400000113,4151.411359315849,166.41041931583777,89,912,54,20,15
913,3995.0009400000113,4592.174378159545,597.1734381595338,89,913,54,20,15
914,3997.0009400000113,4172.058143469455,175.05720346944372,90,914,55,20,15
915,3999.0009400000113,4130.507143131595,131.50620313158333,91,915,56,20,15
916,4000.0009400000113,4012.8346027519096,12.833662751898373,91,916,57,20,14
917,4003.0009400000113,4252.650353197676,249.64941319766467,89,917,56,20,13
918,4011.0009400000113,4280.132191693129,269.131251693118,88,918,57,19,12
919,4015.0009400000113,4265.546332052756,250.54539205274477,87,919,56,19,12
920,4019.0009400000113,4297.788038737269,278.78709873725757,86,920,55,19,12
921,4022.0009400000113,4679.197212766888,657.1962727668765,86,921,55,19,12
922,4028.0009400000113,4407.7572951865695,379.75635518655827,83,922,52,20,11
923,4030.0009400000113,4224.300580966728,194.2996409667171,84,923,53,20,11
924,4044.0009400000113,4333.034593742026,289.03365374201485,79,924,49,20,10
925,4046.0009400000113,4236.755890945947,190.75495094593543,79,925,48,20,11
926,4050.0009400000113,4211.6070498167655,161.60610981675427,78,926,48,20,10
927,4061.0009400000113,4309.565614945974,248.56467494596245,78,927,48,20,10
928,4062.0009400000113,4217.716566033579,155.71562603356733,79,928,49,20,10
929,4066.0009400000113,4245.147886172119,179.14694617210762,78,929,49,20,9
930,4067.0009400000113,4116.563417090629,49.56247709061745,79,930,50,20,9
931,4073.0009400000113,4285.7542972624915,212.75335726248022,75,931,45,20,10
932,4077.0009400000113,4209.794085173145,132.79314517313333,73,932,43,20,10
933,4081.0009400000113,4649.12071931639,568.1197793163788,73,933,43,20,10
934,4082.0009400000113,4239.784709720284,157.78376972027263,74,934,44,20,10
935,4089.0009400000113,4268.8003427662015,179.79940276619027,74,935,44,20,10
936,4093.0009400000113,4448.18579493591,355.1848549358988,73,936,43,20,10
937,4110.000940000011,4214.403256259557,104.40231625954584,70,937,41,19,10
938,4113.000940000011,4238.349451164715,125.34851116470418,71,938,41,19,11
939,4120.000940000011,4538.770462652542,418.7695226525311,70,939,41,19,10
940,4120.000950000011,4185.566179682407,65.56522968239642,71,940,41,20,10
941,4130.000950000011,4260.2475362239375,130.2465862239269,72,941,42,20,10
942,4139.000950000011,4156.064872780894,17.06392278088333,71,942,41,20,10
943,4142.000950000011,4332.987900847582,190.98695084757128,72,943,42,20,10
944,4144.000950000011,4403.860299063537,259.8593490635267,71,944,42,20,9
945,4152.000950000011,4234.007941422271,82.0069914222604,69,945,40,20,9
946,4155.000950000011,4271.044188247901,116.04323824789026,69,946,40,20,9
947,4156.000950000011,4662.222921988123,506.2219719881123,70,947,41,20,9
948,4161.000950000011,4350.338680949233,189.33773094922253,69,948,40,20,9
949,4162.000950000011,4575.641230295712,413.6402802957018,70,949,41,20,9
950,4168.000950000011,4375.828971266938,207.82802126692786,70,950,41,20,9
951,4173.000950000011,4256.213234950924,83.21228495091327,69,951,40,20,9
952,4180.000950000011,4244.106971165671,64.10602116566042,70,952,41,20,9
953,4180.00096000001,4227.611252543783,47.61029254377263,71,953,42,20,9
954,4182.00096000001,4278.924353634506,96.92339363449537,72,954,43,20,9
955,4185.00096000001,4504.186270181756,319.185310181746,73,955,44,20,9
956,4193.00096000001,4369.5094152928095,176.50845529279923,72,956,43,20,9
957,4194.00096000001,4241.589458539327,47.58849853931679,73,957,44,20,9
958,4197.00096000001,4220.995746547385,23.994786547375043,73,958,44,20,9
959,4197.00097000001,4344.145958346557,147.1449883465466,74,959,44,20,10
960,4205.00097000001,4299.147502286445,94.1465322864351,74,960,44,20,10
961,4207.00097000001,4343.597205665235,136.59623566522532,74,961,44,20,10
962,4210.00097000001,4856.13321639331,646.1322463933002,73,962,44,19,10
963,4214.00097000001,4554.241992224042,340.24102222403235,73,963,43,20,10
964,4216.00097000001,4279.041357170854,63.04038717084404,72,964,43,20,9
965,4220.00097000001,4309.368555638602,89.36758563859166,72,965,43,20,9
966,4223.00097000001,4355.678160763325,132.67719076331468,72,966,44,20,8
967,4224.00097000001,4555.261487668833,331.260517668823,73,967,45,20,8
968,4226.00097000001,4353.699050563268,127.69808056325837,73,968,45,20,8
969,4227.00097000001,4245.4933515837465,18.49238158373646,74,969,46,20,8
970,4231.00097000001,4442.695757030692,211.69478703068216,74,970,45,20,9
971,4233.00097000001,4481.399293725227,248.39832372521687,75,971,45,20,10
972,4236.00097000001,4555.284015510471,319.2830455104613,75,972,45,20,10
973,4238.00097000001,4252.770779572483,14.769809572472695,75,973,46,20,9
974,4242.00097000001,4310.81218203822,68.81121203821021,73,974,44,20,9
975,4248.00097000001,4374.0909359518055,126.08996595179542,70,975,42,20,8
976,4251.00097000001,4430.622057797005,179.6210877969952,71,976,42,20,9
977,4252.00097000001,4388.844797949085,136.8438279490747,72,977,43,20,9
978,4254.00097000001,4369.51328761096,115.51231761095005,71,978,42,20,9
979,4260.00097000001,4368.873481163643,108.87251116363313,71,979,42,20,9
980,4263.00097000001,4306.699953011952,43.69898301194189,70,980,41,20,9
981,4267.00097000001,4355.787438180556,88.78646818054585,69,981,41,20,8
982,4276.00097000001,4480.600735335702,204.5997653356917,68,982,39,20,9
983,4287.00097000001,4497.003413466647,210.00244346663658,63,983,35,20,8
984,4303.00097000001,4851.382643154942,548.3816731549323,62,984,35,20,7
985,4304.00097000001,4627.646904230434,323.64593423042425,63,985,35,21,7
986,4314.00097000001,4580.852414465811,266.85144446580125,60,986,32,21,7
987,4319.00097000001,4920.9006051440065,601.8996351439964,61,987,33,21,7
988,4325.00097000001,4640.454040347495,315.45307034748475,61,988,33,21,7
989,4330.00097000001,4506.177463358167,176.17649335815713,62,989,34,21,7
990,4338.00097000001,4492.520134297778,154.51916429776793,61,990,34,21,6
991,4340.00097000001,4419.441027552561,79.44005755255057,62,991,35,21,6
992,4345.00097000001,4537.634870057165,192.6339000571552,60,992,34,21,5
993,4349.00097000001,4583.135206105878,234.13423610586779,60,993,34,21,5
994,4360.00097000001,4406.788222822255,46.78725282224514,55,994,30,20,5
995,4364.00097000001,4690.4549386996105,326.4539686996004,55,995,31,19,5
996,4375.00097000001,4676.117783251547,301.11681325153677,51,996,29,18,4
997,4375.00098000001,4536.531447508866,161.53046750885642,52,997,29,18,5
998,4385.00098000001,4557.320187454611,172.31920745460138,51,998,29,17,5
